[
  {
    "User":     "test-user-0",
    "Password": "AKIAWC67DXMMT245DVE7"
  },
  {
    "User":     "test-user-1",
    "Password": "AKIAWC67DXMMUN7BLUBD"
  },
  {
    "User":     "test-user-2",
    "Password": "AKIAWC67DXMMTWOYSDU7"
  },
  {
    "User":     "test-user-3",
    "Password": "AKIAWC67DXMMQHHQSRZN"
  },
  {
    "User":     "test-user-4",
    "Password": "AKIAWC67DXMMWNNYRS2Q"
  },
  {
    "User":     "test-user-5",
    "Password": "AKIAWC67DXMMVOGWDW4S"
  },
  {
    "User":     "test-user-6",
    "Password": "AKIAWC67DXMMZN4DSD7C"
  },
  {
    "User":     "test-user-7",
    "Password": "AKIAWC67DXMM7UMI6L55"
  },
  {
    "User":     "test-user-8",
    "Password": "AKIAWC67DXMMZ7PXVHEJ"
  },
  {
    "User":     "test-user-9",
    "Password": "AKIAWC67DXMMUA4HYT7B"
  }
]
