[
  {
    "User name":    "test-user-0",
    "Password":     "'Qp+*'!ruZ89pyD",
  },
  {
    "User name":    "test-user-1",
    "Password":     "o*P2PX)79&kHsF0",
  },
  {
    "User name":    "test-user-2",
    "Password":     "KGX!0cpQdCr{K#I",
  },
  {
    "User name":    "test-user-3",
    "Password":     "7jEN3G[8Ts]e[{8",
  },
  {
    "User name":    "test-user-4",
    "Password":     "CPJZj|j(cP951A6",
  },
  {
    "User name":    "test-user-5",
    "Password":     "*=AAFegePCfrl12",
  },
  {
    "User name":    "test-user-6",
    "Password":     "MhPZx&GFqG7]b8v",
  },
  {
    "User name":    "test-user-7",
    "Password":     "X]pks}tZpj41sfJ",
  },
  {
    "User name":    "test-user-8",
    "Password":     "4jh3ew2-{w%(%2c",
  },
  {
    "User name":    "test-user-9",
    "Password":     "!4c)qvesGQnLXs|",
  },
]
