[
  {
    "Api Key":                "5PAgMqo1gXn7QyHzzGASDFN9Q",
    "Api Key Secret":         "PDrhKbxeYhxeWz6R1UddxdJFXCRsZadTtsDmwlUBxPGB4bU2aU",
    "Bearer Token":           "AAAAAAAAAAAAAAAAAAAAAOokiwEAAAAAINuBw0mowW3KpPh0zxGB2vgGY7g%3DXePv83wPJ5VOvROMkfGwkPtptd5w9xAAGUHrgfkhppjXA2JWN5",
    "Access Token":           "955116647488028672-NvXaA5BEnf9gYAcK40hNZGTbPdlwmaU",
    "Access Token Secret":    "H1xeoEa7i6PnarMvpKIz2WiVgqJetEmnMRlRBVaZrOekd"
  },
  {
    "Api Key":                "IwSJrHZeuP1Hl9Edz9VQyqT7x",
    "Api Key Secret":         "hR7vHE72b5IIoKGh0icOBprExoZkamRrvjidXDadn5gudqff6z",
    "Bearer Token":           "AAAAAAAAAAAAAAAAAAAAAOokiwEAAAAAwi3BY9v2NbI1%2BsINLKs0gNCF%2Fio%3DRwh43tAmNVdRVTzkvUx29gQ0exqGtFaQyTffzI1juiicxuT2W7",
    "Access Token":           "955116647488028672-dde5wWYS29lJUVaKoktDvyMlJS0zsKY",
    "Access Token Secret":    "BRyuRAFLPwQH1W0vIQlVxcJvbfOUV5j5xdUj4KbALU8RC"
  },
  {
    "Api Key":                "PyjocY7kHdiekmGsi6ndao2hR",
    "Api Key Secret":         "16hHCNCpykZliz6juLF5xkHuGniueh4PFRRjKLLnfhuuNjJPyE",
    "Bearer Token":           "AAAAAAAAAAAAAAAAAAAAAOokiwEAAAAASO6z6R5Iw8rIb8cCspGTp%2B6ERwo%3Dvt0hpY8WXq0HJisC9aikQn8ocDZLEIXSdoLTezIBcFlzLUkzJY",
    "Access Token":           "955116647488028672-RdYFDr6FkMrZN4bk3O4stZj3xqDc7AM",
    "Access Token Secret":    "69yZI4oq1IZXEtr2T6BQo05KqQLadzphmEqrI5rWRUHW7"
  },
  {
    "Api Key":                "oYBUjCeergTCyrbvhGhMQ6vG4",
    "Api Key Secret":         "sp1mizKQPorh0UCCL0G6WZVvtD15ourLcTOKutSiYywCl851QX",
    "Bearer Token":           "AAAAAAAAAAAAAAAAAAAAAOokiwEAAAAAZv3%2BaU5t0Vtzwxa69CpXFLcG72E%3DqYWvGr4WKYaebn6qypSsRw3xzMvK1g4KciyYVqrPYwMVvPAgzL",
    "Access Token":           "955116647488028672-VPc28faQNZtHp0fikUhNFAcophLbcBH",
    "Access Token Secret":    "1zJUU8Nfeg0JyFNGGl3HqiW4eHvCD9PWRSINmdUBx4SXg"
  },
  {
    "Api Key":                "04NoreYdRRE7JyYSTagqUIhkm",
    "Api Key Secret":         "WfRLkulliRNtWaTEGmoTllgyB01di83cnRjPNMBGpkpGgd6SM0",
    "Bearer Token":           "AAAAAAAAAAAAAAAAAAAAAOokiwEAAAAAEBVfpu94kepJoMULqERWxIL7g68%3DC3Jy2zaUnTrHNxZNRSrlOCIOjoBVyPDILDaffVoxxcQzwkPoGj",
    "Access Token":           "955116647488028672-iIPUHS2KA6t2A1MMuA71e9ujmrvLfo6",
    "Access Token Secret":    "QDmKy2R8Sy3owzAU5fn6Fm6nXQqvChybdp5Ha4zIy5jT9"
  },
  {
    "Api Key":                "53kDReVLIm9ekk7a7kWHxdQ6c",
    "Api Key Secret":         "f7a1xMAUjJMsd76SyfuqxIZiZvFDXTkaLE0OHaPZDpcG7YJ2Rb",
    "Bearer Token":           "AAAAAAAAAAAAAAAAAAAAAOokiwEAAAAAM%2BcWWEICaBtt9kG6ho8WK9I%2FoTk%3DX3U2VpxkKYUEikurhLgV9HmuwMS61Pz94dp9IQkVJ1RAFNNFKi",
    "Access Token":           "955116647488028672-pTjShSi8sMSrBjMIvZH2cs8glCayepI",
    "Access Token Secret":    "hJGLZDjVIRBLu5v3YxMg7GzQ36GbJ1eW2zhCkwsHYSD0H"
  },
  {
    "Api Key":                "LPTtKbnTGgnzj4XrCBCYSqRcP",
    "Api Key Secret":         "nahpwSPzIsg14Z43O9o9anKbuCWYL6ZyjymrJDxngMxRLFxKfR",
    "Bearer Token":           "AAAAAAAAAAAAAAAAAAAAAOokiwEAAAAAU7sfX1jG7feA1J3x%2FLOG4eioLy0%3DqW2ryZPU3PPo8yajka1CKgEDSFMjPRQijhydINoNBRqtZZKVUq",
    "Access Token":           "955116647488028672-QoKBPDd1td4Ngyp669xvZBFLjvEqrSh",
    "Access Token Secret":    "1PO1ztph22zLU39QZxqpcKlSoSugpsZSNClSROIu9JELs"
  },
  {
    "Api Key":                "NCYWHSACCsWdyVAYXZxb5cj30",
    "Api Key Secret":         "bsipEFMsDAJLS4Ac4xB1WWOGwtT2OfLgmPO4EtNXgnJGakgOQS",
    "Bearer Token":           "AAAAAAAAAAAAAAAAAAAAAOokiwEAAAAAkVMyeUwCzFuIkozZ%2BWvu4li9wZg%3D2Q3dzqJZg41Hz7IYahNuY8VbA1lAzvi0ftOYt9UcC3BTAN1ssM",
    "Access Token":           "955116647488028672-v09GALnNJIyprRoly7y35ppWOT8cTuJ",
    "Access Token Secret":    "bAXEnYpxgIA9DetJPGbPRvIvOy6AugxnBQSnaYl1dvGqi"
  },
  {
    "Api Key":                "Wzd3WBYr9HhThzhFMBlYMLE9S",
    "Api Key Secret":         "K7Hw32JdwfCC3Iwgm6rgh3EUjiweyLD8L3tPC98VnDsQ715S5G",
    "Bearer Token":           "AAAAAAAAAAAAAAAAAAAAAOokiwEAAAAAZVe4Znhi14HRCDDQHWZj4JhDT1I%3DUlwU7UWD90SmfWetqc2mLCl6NzaIWvTQeHusTGdvDdB0eAbtmj",
    "Access Token":           "955116647488028672-K4uKNEEep8jMHHcPLzFOWORzuK6yHX4",
    "Access Token Secret":    "5NS4g8AL56zI4rnnufTMujG0lXUk5KUAeKTjB22RFnFpl"
  },
  {
    "Api Key":                "QPLHSazDh18efjex1DCe9vqSV",
    "Api Key Secret":         "kskbOBkj7dk3h7Kee6VmVrKp8Lo4m5socnFE9Z3pOSZH7oXi0C",
    "Bearer Token":           "AAAAAAAAAAAAAAAAAAAAAOokiwEAAAAAQKu0SOsxZH4b9cz0NVWkIRxfxK4%3D0aR3NAlIjohUPj1lf39LirIeSO2y4RvsDGPFRgUiFuUD52YFqR",
    "Access Token":           "955116647488028672-JKMlfU95YvQqjmAjoNsJbQjQdBUtVlA",
    "Access Token Secret":    "vW36iduHNPQAq0EZobWTDDDCmXVPC3dmzYNjc7yORkQQR"
  },
]
